epoch,avg_loss,seconds,global_step
1,4.416683088945275,455.82,6007
2,4.280454934248615,457.88,12014
3,4.1470087070681005,449.3,18021
